...1,url,title,textualRating,languageCode,publisher.name,publisher.site,reviewDate,text,claimant,claimDate,claimant_party
15334,http://www.nytimes.com/interactive/2016/us/elections/fact-check.html#/factcheck-44,Elections |Fact Checks of the 2016 Election,An exaggeration.,en,The New York Times,nytimes.com,2016-01-05T00:00:00Z,I'm one of the few of the candidates that actually shows up to vote. Both Cruz and Rubio are missing the vast majority of their votes.',Rand Paul,2016-01-05T00:00:00Z,Republican
15085,http://www.nytimes.com/interactive/2016/us/elections/fact-check.html#/factcheck-46,Elections |Fact Checks of the 2016 Election,Overstated and outdated.,en,The New York Times,nytimes.com,2016-01-07T00:00:00Z,Mr. Christie said the murder rate had increased by 18 percent in Chicago and 11 percent in New York.,Chris Christie,2016-01-07T00:00:00Z,Republican
15520,http://www.nytimes.com/interactive/2016/us/elections/fact-check.html#/factcheck-47,Elections |Fact Checks of the 2016 Election,He did once hold those views.,en,The New York Times,nytimes.com,2016-01-08T00:00:00Z,Mr. Rubio accused Chris Christie of having a record similar to President Obama's on issues like education; gun control and abortion.,Marco Rubio,2016-01-08T00:00:00Z,Republican
15484,http://www.nytimes.com/interactive/2016/us/elections/fact-check.html#/factcheck-48,Elections |Fact Checks of the 2016 Election,Not all; but nearly.,en,The New York Times,nytimes.com,2016-01-11T00:00:00Z,Mrs. Clinton said legislation that Bernie Sanders supported in 2005 forbids all lawsuits against gun makers and sellers.,Hillary Clinton,2016-01-11T00:00:00Z,Democratic
15283,http://www.nytimes.com/interactive/2016/us/elections/fact-check.html#/factcheck-50,Elections |Fact Checks of the 2016 Election,His praise had caveats.,en,The New York Times,nytimes.com,2016-01-13T00:00:00Z,I never believed Edward Snowden was a good public servant the way that Ted Cruz once said; that he had done a public service for America.',Marco Rubio,2016-01-13T00:00:00Z,Republican
15070,http://www.nytimes.com/interactive/2016/us/elections/fact-check.html#/factcheck-59,Elections |Fact Checks of the 2016 Election,A newspaper story suggests otherwise.,en,The New York Times,nytimes.com,2016-01-15T00:00:00Z,Gov. Chris Christie said he never wrote a check to Planned Parenthood.,Chris Christie,2016-01-15T00:00:00Z,Republican
15081,http://www.nytimes.com/interactive/2016/us/elections/fact-check.html#/factcheck-61,Elections |Fact Checks of the 2016 Election,Wrong timing.,en,The New York Times,nytimes.com,2016-01-15T00:00:00Z,Gov. Chris Christie said President Obama and Hillary Clinton failed to enforce a red line in threatening to use military force if President Bashar al-Assad of Syria used chemical weapons against his own people. And he said Mrs. Clinton called Mr. Assad a reformer.,Chris Christie,2016-01-15T00:00:00Z,Republican
15116,http://www.nytimes.com/interactive/2016/us/elections/fact-check.html#/factcheck-57,Elections |Fact Checks of the 2016 Election,You can't take it back.,en,The New York Times,nytimes.com,2016-01-15T00:00:00Z,Gov. Chris Christie said he did not support President Obama's nomination of Sonia Sotomayor to the United States Supreme Court.,Chris Christie,2016-01-15T00:00:00Z,Republican
15171,http://www.nytimes.com/interactive/2016/us/elections/fact-check.html#/factcheck-53,Elections |Fact Checks of the 2016 Election,Deeply in dispute.,en,The New York Times,nytimes.com,2016-01-15T00:00:00Z,Hillary Clinton lied to families of the victims of the Benghazi attacks.,Marco Rubio,2016-01-15T00:00:00Z,Republican
15183,http://www.nytimes.com/interactive/2016/us/elections/fact-check.html#/factcheck-58,Elections |Fact Checks of the 2016 Election,Wishful thinking.,en,The New York Times,nytimes.com,2016-01-15T00:00:00Z,Jeb Bush said he would move the United States embassy from Tel Aviv to Jerusalem as a signal to Iran.,Jeb Bush,2016-01-15T00:00:00Z,Republican
15205,http://www.nytimes.com/interactive/2016/us/elections/fact-check.html#/factcheck-54,Elections |Fact Checks of the 2016 Election,Not quite.,en,The New York Times,nytimes.com,2016-01-15T00:00:00Z,Mr. Cruz said he disclosed bank loans that he obtained for his 2012 Senate campaign with the Senate; but his failure to disclose them to federal elections officials was just a paperwork error.,Ted Cruz,2016-01-15T00:00:00Z,Republican
15320,http://www.nytimes.com/interactive/2016/us/elections/fact-check.html#/factcheck-56,Elections |Fact Checks of the 2016 Election,Where's the evidence?,en,The New York Times,nytimes.com,2016-01-15T00:00:00Z,Mr. Kasich said wages have not climbed 'because the Federal Reserve kept interest rates so low.',John Kasich,2016-01-15T00:00:00Z,Republican
15524,http://www.nytimes.com/interactive/2016/us/elections/fact-check.html#/factcheck-51,Elections |Fact Checks of the 2016 Election,A negative spin on things.,en,The New York Times,nytimes.com,2016-01-15T00:00:00Z,Obama allowed Iran to kidnap American sailors; reflecting American weakness.,Chris Christie,2016-01-15T00:00:00Z,Republican
15045,http://www.nytimes.com/interactive/2016/us/elections/fact-check.html#/factcheck-69,Elections |Fact Checks of the 2016 Election,More or less.,en,The New York Times,nytimes.com,2016-01-18T00:00:00Z,Hillary Clinton said Senator Bernie Sanders called President Obama 'weak' and 'disappointing;' and; in 2011; 'publicly sought someone to run in a primary' against him.,Hillary Clinton,2016-01-18T00:00:00Z,Democratic
15262,http://www.nytimes.com/interactive/2016/us/elections/fact-check.html#/factcheck-67,Elections |Fact Checks of the 2016 Election,Not quite; but close.,en,The New York Times,nytimes.com,2016-01-18T00:00:00Z,Senator Bernie Sanders said the United States spends almost three times more than the British on health care.,Bernie Sanders,2016-01-18T00:00:00Z,Democratic
15438,http://www.nytimes.com/interactive/2016/us/elections/fact-check.html#/factcheck-65,Elections |Fact Checks of the 2016 Election,That's the right number.,en,The New York Times,nytimes.com,2016-01-18T00:00:00Z,Senator Bernie Sanders said 29 million people in the United States do not have health insurance.,Bernie Sanders,2016-01-18T00:00:00Z,Democratic
15265,http://www.nytimes.com/interactive/2016/us/elections/fact-check.html#/factcheck-75,Elections |Fact Checks of the 2016 Election,Missing the point.,en,The New York Times,nytimes.com,2016-01-29T00:00:00Z,Ted Cruz says he would carpet bomb the Islamic State; which Obama has failed to do because he has weakened the military.,Ted Cruz,2016-01-29T00:00:00Z,Republican
15317,http://www.nytimes.com/interactive/2016/us/elections/fact-check.html#/factcheck-81,Elections |Fact Checks of the 2016 Election,Wishful thinking.,en,The New York Times,nytimes.com,2016-01-29T00:00:00Z,Marco Rubio said that other countries would go along when he ripped up the Iran deal.,Marco Rubio,2016-01-29T00:00:00Z,Republican
15375,http://www.nytimes.com/interactive/2016/us/elections/fact-check.html#/factcheck-80,Elections |Fact Checks of the 2016 Election,A step too far.,en,The New York Times,nytimes.com,2016-01-29T00:00:00Z,Chris Christie said neighbors of the San Bernardino attackers knew of their plans.,Chris Christie,2016-01-29T00:00:00Z,Republican
15401,http://www.nytimes.com/interactive/2016/us/elections/fact-check.html#/factcheck-83,Elections |Fact Checks of the 2016 Election,She didn't make any promises.,en,The New York Times,nytimes.com,2016-01-29T00:00:00Z,Mr. Rubio said Hillary Clinton 'wants to put Barack Obama on the Supreme Court of the United States of America.',Marco Rubio,2016-01-29T00:00:00Z,Republican
15468,http://www.nytimes.com/interactive/2016/us/elections/fact-check.html#/factcheck-76,Elections |Fact Checks of the 2016 Election,He's no Trump; but he bites; too.,en,The New York Times,nytimes.com,2016-01-29T00:00:00Z,Ted Cruz said he has not personally attacked Donald J. Trump.,Ted Cruz,2016-01-29T00:00:00Z,Republican
15529,http://www.nytimes.com/interactive/2016/us/elections/fact-check.html#/factcheck-82,Elections |Fact Checks of the 2016 Election,The data backs him up.,en,The New York Times,nytimes.com,2016-01-29T00:00:00Z,Chris Christie said New Jersey’s job growth in 2015 was the best in the past 15 years.,Chris Christie,2016-01-29T00:00:00Z,Republican
15061,http://www.nytimes.com/interactive/2016/us/elections/fact-check.html#/factcheck-84,Elections |Fact Checks of the 2016 Election,No data to back it up.,en,The New York Times,nytimes.com,2016-01-31T00:00:00Z,Millions of Americans have lost their jobs' because of President Obama’s health care law.,Ted Cruz,2016-01-31T00:00:00Z,Republican
15393,http://www.nytimes.com/interactive/2016/us/elections/fact-check.html#/factcheck-85,Elections |Fact Checks of the 2016 Election,Some do; some don't.,en,The New York Times,nytimes.com,2016-02-05T00:00:00Z,Mrs. Clinton says that experts agree that her Wall Street reforms are the toughest.,Hillary Clinton,2016-02-05T00:00:00Z,Democratic
15222,http://www.nytimes.com/interactive/2016/us/elections/fact-check.html#/factcheck-89,Elections |Fact Checks of the 2016 Election,Well; that's three times three.,en,The New York Times,nytimes.com,2016-02-06T00:00:00Z,Mr. Rubio said New Jersey's credit rating had been downgraded nine times during Gov. Chris Christie's tenure.,Marco Rubio,2016-02-06T00:00:00Z,Republican
15076,http://www.nytimes.com/interactive/2016/us/elections/fact-check.html#/factcheck-96,Elections |Fact Checks of the 2016 Election,Not by her account.,en,The New York Times,nytimes.com,2016-02-07T00:00:00Z,Mr. Christie said a nurse quarantined during the Ebola outbreak had symptoms.,Chris Christie,2016-02-07T00:00:00Z,Republican
15131,http://www.nytimes.com/interactive/2016/us/elections/fact-check.html#/factcheck-93,Elections |Fact Checks of the 2016 Election,He tried and failed.,en,The New York Times,nytimes.com,2016-02-07T00:00:00Z,Mr. Trump tried to use eminent domain to take an older woman's home.,Jeb Bush,2016-02-07T00:00:00Z,Republican
15248,http://www.nytimes.com/interactive/2016/us/elections/fact-check.html#/factcheck-92,Elections |Fact Checks of the 2016 Election,Actually the opposite.,en,The New York Times,nytimes.com,2016-02-07T00:00:00Z,Mr. Christie said President Obama was in favor of paying ransom for hostages.,Chris Christie,2016-02-07T00:00:00Z,Republican
15273,http://www.nytimes.com/interactive/2016/us/elections/fact-check.html#/factcheck-90,Elections |Fact Checks of the 2016 Election,He wasn't there for the close.,en,The New York Times,nytimes.com,2016-02-07T00:00:00Z,Mr. Christie said Marco Rubio did not vote for his own Hezbollah sanctions act.,Chris Christie,2016-02-07T00:00:00Z,Republican
15464,http://www.nytimes.com/interactive/2016/us/elections/fact-check.html#/factcheck-91,Elections |Fact Checks of the 2016 Election,Don't blame CNN.,en,The New York Times,nytimes.com,2016-02-07T00:00:00Z,Mr. Cruz said his campaign mistakenly spread the word that Ben Carson was quitting the race because of a CNN report.,Ted Cruz,2016-02-07T00:00:00Z,Republican
15288,http://www.nytimes.com/interactive/2016/us/elections/fact-check.html#/factcheck-97,Elections |Fact Checks of the 2016 Election,Only in the short term.,en,The New York Times,nytimes.com,2016-02-08T00:00:00Z,Marco Rubio has gone on Univision and said in Spanish; ‘No; no; no; I wouldn’t rescind amnesty.’',Ted Cruz,2016-02-08T00:00:00Z,Republican
15415,http://www.nytimes.com/interactive/2016/us/elections/fact-check.html#/factcheck-101,Elections |Fact Checks of the 2016 Election,Most authorities call it torture.,en,The New York Times,nytimes.com,2016-02-12T00:00:00Z,Waterboarding 'does not meet the generally recognized definition of torture.',Ted Cruz,2016-02-12T00:00:00Z,Republican
15418,http://www.nytimes.com/interactive/2016/us/elections/fact-check.html#/factcheck-100,Elections |Fact Checks of the 2016 Election,He voted 'yea',en,The New York Times,nytimes.com,2016-02-12T00:00:00Z,Mrs. Clinton said Mr. Sanders voted in 1998 for a resolution favoring regime change in Iraq.,Hillary Clinton,2016-02-12T00:00:00Z,Democratic
15453,http://www.nytimes.com/interactive/2016/us/elections/fact-check.html#/factcheck-99,Elections |Fact Checks of the 2016 Election,Not quite so simple,en,The New York Times,nytimes.com,2016-02-12T00:00:00Z,Mr. Sanders suggested that Mrs. Clinton was not welcoming to child immigrants from Central America.,Bernie Sanders,2016-02-12T00:00:00Z,Democratic
15364,http://www.nytimes.com/interactive/2016/us/elections/fact-check.html#/factcheck-102,Elections |Fact Checks of the 2016 Election,Some of them do.,en,The New York Times,nytimes.com,2016-02-13T00:00:00Z,Mr. Sanders said that none of the Republican presidential candidates believe that climate change is real.,Bernie Sanders,2016-02-13T00:00:00Z,Democratic
15306,http://www.nytimes.com/interactive/2016/us/elections/fact-check.html#/factcheck-108,Elections |Fact Checks of the 2016 Election,He spreads money around.,en,The New York Times,nytimes.com,2016-02-14T00:00:00Z,Mr. Cruz says Donald J. Trump has contributed to John Kerry; Hillary Clinton; Chuck Schumer and Harry Reid.,Ted Cruz,2016-02-14T00:00:00Z,Republican
15432,http://www.nytimes.com/interactive/2016/us/elections/fact-check.html#/factcheck-104,Elections |Fact Checks of the 2016 Election,There's a reason.,en,The New York Times,nytimes.com,2016-02-14T00:00:00Z,Mr. Cruz says President Obama refuses to arm the pesh merga; the Kurdish fighters in Iraq.,Ted Cruz,2016-02-14T00:00:00Z,Republican
15111,http://www.nytimes.com/interactive/2016/us/elections/fact-check.html#/factcheck-118,Elections |Fact Checks of the 2016 Election,Republican justices do drift left.,en,The New York Times,nytimes.com,2016-02-26T00:00:00Z,Democratic-appointed Supreme Court justices always stay Democratic; not so for Republicans.,Ted Cruz,2016-02-26T00:00:00Z,Republican
15192,http://www.nytimes.com/interactive/2016/us/elections/fact-check.html#/factcheck-114,Elections |Fact Checks of the 2016 Election,No fine; but he did settle a lawsuit for an undisclosed sum.,en,The New York Times,nytimes.com,2016-02-26T00:00:00Z,Was Donald J. Trump fined $1 million for hiring illegal Polish workers?,Marco Rubio,2016-02-26T00:00:00Z,Republican
15250,http://www.nytimes.com/interactive/2016/us/elections/fact-check.html#/factcheck-119,Elections |Fact Checks of the 2016 Election,Not completely wonderful.,en,The New York Times,nytimes.com,2016-02-26T00:00:00Z,Mr. Cruz said Donald Trump 'thinks Planned Parenthood is wonderful.',Ted Cruz,2016-02-26T00:00:00Z,Republican
15521,http://www.nytimes.com/interactive/2016/us/elections/fact-check.html#/factcheck-123,Elections |Fact Checks of the 2016 Election,Not necessarily from racquet sports.,en,The New York Times,nytimes.com,2016-02-29T00:00:00Z,Mr. Rubio said Donald J. Trump received draft deferments because he had injuries from playing squash.,Marco Rubio,2016-02-29T00:00:00Z,Republican
15051,http://www.nytimes.com/interactive/2016/us/elections/fact-check.html#/factcheck-124,Elections |Fact Checks of the 2016 Election,Check the transcript.,en,The New York Times,nytimes.com,2016-03-01T00:00:00Z,Mr. Kasich said he was the only candidate to mention jobs at last week’s Republican debate.,John Kasich,2016-03-01T00:00:00Z,Republican
15040,http://www.nytimes.com/interactive/2016/us/elections/fact-check.html#/factcheck-129,Elections |Fact Checks of the 2016 Election,He donated; over and over.,en,The New York Times,nytimes.com,2016-03-04T00:00:00Z,Mr. Cruz claimed Donald J. Trump repeatedly donated to Mrs. Clinton; writing several checks to her presidential campaign eight years ago.,Ted Cruz,2016-03-04T00:00:00Z,Republican
15137,http://www.nytimes.com/interactive/2016/us/elections/fact-check.html#/factcheck-127,Elections |Fact Checks of the 2016 Election,He inherited a lot; but not that amount.,en,The New York Times,nytimes.com,2016-03-04T00:00:00Z,Mr. Rubio claims Donald J. Trump inherited more than $100 million.,Marco Rubio,2016-03-04T00:00:00Z,Republican
15277,http://www.nytimes.com/interactive/2016/us/elections/fact-check.html#/factcheck-132,Elections |Fact Checks of the 2016 Election,Not that many.,en,The New York Times,nytimes.com,2016-03-04T00:00:00Z,Mr. Kasich said he held 200 town hall-style meetings in New Hampshire.,John Kasich,2016-03-04T00:00:00Z,Republican
15303,http://www.nytimes.com/interactive/2016/us/elections/fact-check.html#/factcheck-126,Elections |Fact Checks of the 2016 Election,The numbers add up.,en,The New York Times,nytimes.com,2016-03-04T00:00:00Z,Mr. Rubio said two-thirds of the votes cast in the Republican primaries and caucuses to date have gone against Donald J. Trump.,Marco Rubio,2016-03-04T00:00:00Z,Republican
15186,http://www.nytimes.com/interactive/2016/us/elections/fact-check.html#/factcheck-135,Elections |Fact Checks of the 2016 Election,The numbers back him up.,en,The New York Times,nytimes.com,2016-03-11T00:00:00Z,Marco Rubio says that most green cards are granted on the basis of family relationships.,Marco Rubio,2016-03-11T00:00:00Z,Republican
15290,http://www.nytimes.com/interactive/2016/us/elections/fact-check.html#/factcheck-140,Elections |Fact Checks of the 2016 Election,Right on target.,en,The New York Times,nytimes.com,2016-03-11T00:00:00Z,Gov. John Kasich said he would pressure China to use its influence on its neighbor North Korea; resist its aggression in the South China Sea and strengthen United States capabilities to fight Chinese cyberhacking.,John Kasich,2016-03-11T00:00:00Z,Republican
15351,http://www.nytimes.com/interactive/2016/us/elections/fact-check.html#/factcheck-137,Elections |Fact Checks of the 2016 Election,Not even close.,en,The New York Times,nytimes.com,2016-03-11T00:00:00Z,Ted Cruz said Hillary Clinton; like Donald Trump; expresses a desire to be neutral between the Israelis and Palestinians.,Ted Cruz,2016-03-11T00:00:00Z,Republican
15424,http://www.nytimes.com/interactive/2016/us/elections/fact-check.html#/factcheck-139,Elections |Fact Checks of the 2016 Election,Not quite fair.,en,The New York Times,nytimes.com,2016-03-11T00:00:00Z,Marco Rubio said that the political and human-rights situation in Cuba had worsened since President Obama made his diplomatic opening to the island.,Marco Rubio,2016-03-11T00:00:00Z,Republican
15493,http://www.nytimes.com/interactive/2016/us/elections/fact-check.html#/factcheck-142,Elections |Fact Checks of the 2016 Election,Not that much.,en,The New York Times,nytimes.com,2016-04-02T00:00:00Z,Senator Bernie Sanders said Hillary Clinton has received significant contributions from the fossil fuel industry.,Bernie Sanders,2016-04-02T00:00:00Z,Democratic
15537,http://www.nytimes.com/interactive/2016/us/elections/fact-check.html#/factcheck-143,Elections |Fact Checks of the 2016 Election,He had called it 'a step forward.',en,The New York Times,nytimes.com,2016-04-07T00:00:00Z,Mrs. Clinton said Mr. Sanders had opposed the Paris climate change agreement.,Hillary Clinton,2016-04-07T00:00:00Z,Democratic
15365,http://www.nytimes.com/interactive/2016/us/elections/fact-check.html#/factcheck-144,Elections |Fact Checks of the 2016 Election,Accurate; but misleading.,en,The New York Times,nytimes.com,2016-04-12T00:00:00Z,Mrs. Clinton said more guns brought into New York and used in crimes come from Vermont; on a per capita basis; than any other state.,Hillary Clinton,2016-04-12T00:00:00Z,Democratic
15532,http://www.nytimes.com/interactive/2016/us/elections/fact-check.html#/factcheck-146,Elections |Fact Checks of the 2016 Election,Hardly reliable.,en,The New York Times,nytimes.com,2016-04-14T00:00:00Z,Mrs. Clinton said Senator Bernie Sanders has been a 'largely very reliable supporter' of the National Rifle Association.,Hillary Clinton,2016-04-14T00:00:00Z,Democratic
15370,http://www.nytimes.com/interactive/2016/us/elections/fact-check.html#/factcheck-145,Elections |Fact Checks of the 2016 Election,Her stance hasn't been that clear-cut.,en,The New York Times,nytimes.com,2016-04-15T00:00:00Z,Hillary Clinton said 'of course' she would sign legislation raising the federal minimum wage to $15 an hour.,Hillary Clinton,2016-04-15T00:00:00Z,Democratic
15059,http://www.nytimes.com/interactive/2016/10/04/us/elections/fact-check-vp-debate.html#/factcheck-10,Elections |Fact Checks of the Vice-Presidential Debate,Not so fast.,en,The New York Times,nytimes.com,2016-10-05T00:00:00Z,Mr. Pence said the Obama administration; of which Hillary Clinton was a part; has doubled the federal debt.,Mike Pence,2016-10-05T00:00:00Z,Republican
15060,http://www.nytimes.com/interactive/2016/10/04/us/elections/fact-check-vp-debate.html#/factcheck-3,Elections |Fact Checks of the Vice-Presidential Debate,That’s an overstatement.,en,The New York Times,nytimes.com,2016-10-05T00:00:00Z,Mr. Kaine said Mr. Trump paid few taxes and lost a billion dollars a year.,Tim Kaine,2016-10-05T00:00:00Z,Democratic
15077,http://www.nytimes.com/interactive/2016/10/04/us/elections/fact-check-vp-debate.html#/factcheck-18,Elections |Fact Checks of the Vice-Presidential Debate,Not true.,en,The New York Times,nytimes.com,2016-10-05T00:00:00Z,The Clinton Foundation sends less than 10 cents on the dollar to charitable causes.,Mike Pence,2016-10-05T00:00:00Z,Republican
15136,http://www.nytimes.com/interactive/2016/10/04/us/elections/fact-check-vp-debate.html#/factcheck-1,Elections |Fact Checks of the Vice-Presidential Debate,Exaggeration.,en,The New York Times,nytimes.com,2016-10-05T00:00:00Z,Hillary Clinton eliminated the Iran nuclear weapons program.,Tim Kaine,2016-10-05T00:00:00Z,Democratic
15150,http://www.nytimes.com/interactive/2016/10/04/us/elections/fact-check-vp-debate.html#/factcheck-8,Elections |Fact Checks of the Vice-Presidential Debate,Prove it.,en,The New York Times,nytimes.com,2016-10-05T00:00:00Z,He used the tax code just the way it was supposed to be used.',Mike Pence,2016-10-05T00:00:00Z,Republican
15269,http://www.nytimes.com/interactive/2016/10/04/us/elections/fact-check-vp-debate.html#/factcheck-5,Elections |Fact Checks of the Vice-Presidential Debate,Probably not.,en,The New York Times,nytimes.com,2016-10-05T00:00:00Z,There are millions more people living in poverty today than the day President Obama' took office; Mr. Pence said.,Mike Pence,2016-10-05T00:00:00Z,Republican
15275,http://www.nytimes.com/interactive/2016/10/04/us/elections/fact-check-vp-debate.html#/factcheck-2,Elections |Fact Checks of the Vice-Presidential Debate,Not for many single parents.,en,The New York Times,nytimes.com,2016-10-05T00:00:00Z,Trump would 'lower taxes across the board for working families.',Mike Pence,2016-10-05T00:00:00Z,Republican
15298,http://www.nytimes.com/interactive/2016/10/04/us/elections/fact-check-vp-debate.html#/factcheck-16,Elections |Fact Checks of the Vice-Presidential Debate,He released them; but after the election.,en,The New York Times,nytimes.com,2016-10-05T00:00:00Z,Nixon released his tax returns while under audit.,Tim Kaine,2016-10-05T00:00:00Z,Democratic
15300,http://www.nytimes.com/interactive/2016/10/04/us/elections/fact-check-vp-debate.html#/factcheck-9,Elections |Fact Checks of the Vice-Presidential Debate,Not exactly Clinton’s fault.,en,The New York Times,nytimes.com,2016-10-05T00:00:00Z,Mr. Pence said Hillary Clinton failed to renegotiate a status of forces plan with Iraq in 2011.,Mike Pence,2016-10-05T00:00:00Z,Republican
15312,http://www.nytimes.com/interactive/2016/10/04/us/elections/fact-check-vp-debate.html#/factcheck-13,Elections |Fact Checks of the Vice-Presidential Debate,Not her policies.,en,The New York Times,nytimes.com,2016-10-05T00:00:00Z,Hillary Clinton would continue the policies of open borders; amnesty and 'catch and release.',Mike Pence,2016-10-05T00:00:00Z,Republican
15331,http://www.nytimes.com/interactive/2016/10/04/us/elections/fact-check-vp-debate.html#/factcheck-15,Elections |Fact Checks of the Vice-Presidential Debate,On target.,en,The New York Times,nytimes.com,2016-10-05T00:00:00Z,Mr. Kaine said a federal court ruled against Mr. Pence’s ban on Syrian refugees.,Tim Kaine,2016-10-05T00:00:00Z,Democratic
15357,http://www.nytimes.com/interactive/2016/10/04/us/elections/fact-check-vp-debate.html#/factcheck-6,Elections |Fact Checks of the Vice-Presidential Debate,Half-right; half-wrong.,en,The New York Times,nytimes.com,2016-10-05T00:00:00Z,Mr. Pence said that Mrs. Clinton wanted 'more of Obamacare;' and; he added: 'Even former President Bill Clinton calls Obamacare a crazy plan.',Mike Pence,2016-10-05T00:00:00Z,Republican
15380,http://www.nytimes.com/interactive/2016/10/04/us/elections/fact-check-vp-debate.html#/factcheck-12,Elections |Fact Checks of the Vice-Presidential Debate,They got the money.,en,The New York Times,nytimes.com,2016-10-05T00:00:00Z,The Clinton Foundation accepted foreign donations while Hillary Clinton was secretary of state.,Mike Pence,2016-10-05T00:00:00Z,Republican
15426,http://www.nytimes.com/interactive/2016/10/04/us/elections/fact-check-vp-debate.html#/factcheck-17,Elections |Fact Checks of the Vice-Presidential Debate,Mostly right.,en,The New York Times,nytimes.com,2016-10-05T00:00:00Z,That Mr. Pence 'was the chief cheerleader for the privatization of Social Security.',Tim Kaine,2016-10-05T00:00:00Z,Democratic
15435,http://www.nytimes.com/interactive/2016/10/04/us/elections/fact-check-vp-debate.html#/factcheck-7,Elections |Fact Checks of the Vice-Presidential Debate,They did.,en,The New York Times,nytimes.com,2016-10-05T00:00:00Z,Mr. Pence said that Donald Trump's campaign had promised not to change the government's Medicare program for seniors.,Mike Pence,2016-10-05T00:00:00Z,Republican
15465,http://www.nytimes.com/interactive/2016/10/04/us/elections/fact-check-vp-debate.html#/factcheck-4,Elections |Fact Checks of the Vice-Presidential Debate,Just not true.,en,The New York Times,nytimes.com,2016-10-05T00:00:00Z,The Bush tax cuts were a cause of the Great Recession.,Tim Kaine,2016-10-05T00:00:00Z,Democratic
15502,http://www.nytimes.com/interactive/2016/10/04/us/elections/fact-check-vp-debate.html#/factcheck-11,Elections |Fact Checks of the Vice-Presidential Debate,Hard to say absent Mr. Trump's tax returns.,en,The New York Times,nytimes.com,2016-10-05T00:00:00Z,Mr. Pence said Mr. Trump used the tax code to get his business back on track after tough economic times.,Mike Pence,2016-10-05T00:00:00Z,Republican
15508,http://www.nytimes.com/interactive/2016/10/04/us/elections/fact-check-vp-debate.html#/factcheck-14,Elections |Fact Checks of the Vice-Presidential Debate,True.,en,The New York Times,nytimes.com,2016-10-05T00:00:00Z,Hillary Clinton and Tim Kaine support a 550 percent increase in Syrian refugees.,Mike Pence,2016-10-05T00:00:00Z,Republican
15099,http://www.nytimes.com/interactive/2016/10/09/us/elections/fact-check-debate.html#/factcheck-13,Fact Checks of the Second Presidential Debate,There is evidence.,en,The New York Times,nytimes.com,2016-10-10T00:00:00Z,Mrs. Clinton said Mr. Trump supported the Iraq war before it began.,Hillary Clinton,2016-10-10T00:00:00Z,Democratic
15230,http://www.nytimes.com/interactive/2016/10/09/us/elections/fact-check-debate.html#/factcheck-7,Fact Checks of the Second Presidential Debate,Misleading.,en,The New York Times,nytimes.com,2016-10-10T00:00:00Z,Mrs. Clinton said there was no evidence her email has been hacked by a foreign power.,Hillary Clinton,2016-10-10T00:00:00Z,Democratic
15344,http://www.nytimes.com/interactive/2016/10/09/us/elections/fact-check-debate.html#/factcheck-28,Fact Checks of the Second Presidential Debate,She can back it up.,en,The New York Times,nytimes.com,2016-10-10T00:00:00Z,Mrs. Clinton said that she had helped eight million children obtain health coverage; Sept. 11 responders receive medical care and children get safer medicines.,Hillary Clinton,2016-10-10T00:00:00Z,Democratic
15488,http://www.nytimes.com/interactive/2016/10/09/us/elections/fact-check-debate.html#/factcheck-12,Fact Checks of the Second Presidential Debate,Accurate.,en,The New York Times,nytimes.com,2016-10-10T00:00:00Z,Mrs. Clinton praised many features of the 2010 Affordable Care Act.,Hillary Clinton,2016-10-10T00:00:00Z,Democratic
15523,http://www.nytimes.com/interactive/2016/10/09/us/elections/fact-check-debate.html#/factcheck-18,Fact Checks of the Second Presidential Debate,Not anymore.,en,The New York Times,nytimes.com,2016-10-10T00:00:00Z,Since the Great Recession the gains have all gone to the top.',Hillary Clinton,2016-10-10T00:00:00Z,Democratic
3343,http://www.nytimes.com/interactive/2016/10/19/us/elections/fact-check-debate.html#/factcheck-3,Elections |Fact Checks of the Third Presidential Debate,The majority are suicides.,en,The New York Times,nytimes.com,2016-10-20T00:00:00Z,We have 33;000 people a year who die from guns.',Hillary Clinton,2016-10-19T00:00:00Z,Democratic
15069,http://www.nytimes.com/interactive/2016/10/19/us/elections/fact-check-debate.html#/factcheck-16,Elections |Fact Checks of the Third Presidential Debate,Reports suggest it's right.,en,The New York Times,nytimes.com,2016-10-20T00:00:00Z,Mrs. Clinton said Mr. Trump bought Chinese steel for his Trump International Hotel in Las Vegas.,Hillary Clinton,2016-10-20T00:00:00Z,Democratic
15117,http://www.nytimes.com/interactive/2016/10/19/us/elections/fact-check-debate.html#/factcheck-21,Elections |Fact Checks of the Third Presidential Debate,Half-right; half-wrong.,en,The New York Times,nytimes.com,2016-10-20T00:00:00Z,Mrs. Clinton said that when her husband; Bill Clinton; was president; the fiscal position of the federal government improved: A $300 billion budget deficit turned into a $200 billion surplus; she said. And; she added; 'we were actually on the path to eliminating the national debt.',Hillary Clinton,2016-10-20T00:00:00Z,Democratic
15142,http://www.nytimes.com/interactive/2016/10/19/us/elections/fact-check-debate.html#/factcheck-13,Elections |Fact Checks of the Third Presidential Debate,Too far.,en,The New York Times,nytimes.com,2016-10-20T00:00:00Z,Mr. Trump used undocumented workers to build Trump Tower.,Hillary Clinton,2016-10-20T00:00:00Z,Democratic
15153,http://www.nytimes.com/interactive/2016/10/19/us/elections/fact-check-debate.html#/factcheck-24,Elections |Fact Checks of the Third Presidential Debate,He said he was robbed.,en,The New York Times,nytimes.com,2016-10-20T00:00:00Z,Mrs. Clinton said Mr. Trump tweeted that the Emmy’s were 'rigged' when he did not win for 'The Apprentice.',Hillary Clinton,2016-10-20T00:00:00Z,Democratic
15177,http://www.nytimes.com/interactive/2016/10/19/us/elections/fact-check-debate.html#/factcheck-1,Elections |Fact Checks of the Third Presidential Debate,The floodgates opened.,en,The New York Times,nytimes.com,2016-10-20T00:00:00Z,Mrs. Clinton said the Citizens United decision by the Supreme Court allowed 'dark money' to stream into politics.,Hillary Clinton,2016-10-20T00:00:00Z,Democratic
15247,http://www.nytimes.com/interactive/2016/10/19/us/elections/fact-check-debate.html#/factcheck-7,Elections |Fact Checks of the Third Presidential Debate,She is mostly right.,en,The New York Times,nytimes.com,2016-10-20T00:00:00Z,Mrs. Clinton said that Mr. Trump is willing to 'spout the Putin line' and 'get help from him' in the election. Mr. Trump said 'our country has no idea' if the Russians are responsible for the emails published by WikiLeaks.,Hillary Clinton,2016-10-20T00:00:00Z,Democratic
15439,http://www.nytimes.com/interactive/2016/10/19/us/elections/fact-check-debate.html#/factcheck-20,Elections |Fact Checks of the Third Presidential Debate,Both choked.,en,The New York Times,nytimes.com,2016-10-20T00:00:00Z,Mrs. Clinton said Mr. Trump didn’t even raise the issue of the border wall with the Mexican president; since he choked.,Hillary Clinton,2016-10-20T00:00:00Z,Democratic
15444,http://www.nytimes.com/interactive/2016/10/19/us/elections/fact-check-debate.html#/factcheck-8,Elections |Fact Checks of the Third Presidential Debate,In the long term.,en,The New York Times,nytimes.com,2016-10-20T00:00:00Z,Mr. Trump’s fiscal plans would add $20 trillion to the national debt.,Hillary Clinton,2016-10-20T00:00:00Z,Democratic
15462,http://www.nytimes.com/interactive/2016/10/19/us/elections/fact-check-debate.html#/factcheck-10,Elections |Fact Checks of the Third Presidential Debate,That’s one estimate.,en,The New York Times,nytimes.com,2016-10-20T00:00:00Z,Mrs. Clinton said that Mr. Trump’s economic plan 'might lose 3.5 million jobs' while giving tax cuts to people at the very top.,Hillary Clinton,2016-10-20T00:00:00Z,Democratic
15522,http://www.nytimes.com/interactive/2016/10/19/us/elections/fact-check-debate.html#/factcheck-11,Elections |Fact Checks of the Third Presidential Debate,Wishful thinking.,en,The New York Times,nytimes.com,2016-10-20T00:00:00Z,Mrs. Clinton said her fiscal plan 'doesn’t add a penny to the debt.',Hillary Clinton,2016-10-20T00:00:00Z,Democratic
15556,https://www.nytimes.com/2018/01/30/us/politics/fact-check-sotu.html,2018 State of the Union Fact Check,True; but misleading,en,The New York Times,nytimes.com,2018-01-30T00:00:00Z,Top C.E.O.s make 300 times the average worker.,Joe Kennedy III,2018-01-30T00:00:00Z,Democratic
15055,https://www.nytimes.com/2018/02/11/us/politics/pelosi-dreamers-fact-check.html?,Pelosi Spoke for Eight Hours on Dreamers. We Checked Her Facts. (Published 2018),FALSE,en,The New York Times,nytimes.com,2018-02-11T00:00:00Z,20 percent of DACA recipients are Asian-Pacific Islanders.,Nancy Pelosi,2018-02-07T00:00:00Z,Democratic
15510,https://www.nytimes.com/2018/02/11/us/politics/pelosi-dreamers-fact-check.html,Pelosi Spoke for Eight Hours on Dreamers. We Checked Her Facts. (Published 2018),FALSE,en,The New York Times,nytimes.com,2018-02-11T00:00:00Z,The ethnic slur 'wop' is a shorthand for 'being without papers.',Nancy Pelosi,2018-02-07T00:00:00Z,Democratic
15319,https://www.nytimes.com/2018/03/18/nyregion/cuomo-percoco-corruption-albany.html?,Cuomo Says His Name Was ‘Never Mentioned.’ It Was. 136 Times. (Published 2018),Needs context,en,The New York Times,nytimes.com,2018-03-28T00:00:00Z,Andrew Cuomo's name was not implicated and his name 'was never mentioned' during Joseph Percoco's trial.,Andrew Cuomo,2018-03-28T00:00:00Z,Democratic
15147,https://www.nytimes.com/2018/05/10/us/politics/pelosi-wrongly-says-china-and-russia-never-agreed-to-sanctions-before-iran-deal.html,Pelosi Wrongly Says China and Russia Never Agreed to Sanctions Before Iran Deal (Published 2018),Mostly false,en,The New York Times,nytimes.com,2018-05-10T00:00:00Z,China and Russia never moved to approve sanctions on Iran before 2015.,Nancy Pelosi,2018-05-10T00:00:00Z,Democratic
15321,https://www.nytimes.com/2018/06/27/us/politics/fact-check-supreme-court-senate-confirm.html,Democrats Cite McConnell’s Precedent to Delay Supreme Court Hearings. But Does It Apply? (Published 2018),This requires context.,en,The New York Times,nytimes.com,2018-06-27T00:00:00Z,Senate Republicans should 'follow the rule they set in 2016 not to consider a SCOTUS nominee in an election year.',Chuck Schumer,2018-06-27T00:00:00Z,Democratic
15499,https://www.nytimes.com/2018/07/25/world/middleeast/fact-checking-pompeo-on-iran.html,Fact-Checking Pompeo on Iran,Fact and omission.,en,The New York Times,nytimes.com,2018-07-22T00:00:00Z,The Iranian economy is going great – but only if you’re a politically-connected member of the elite,Mike Pompeo,2018-07-22T00:00:00Z,Republican
15411,https://www.nytimes.com/2018/11/27/us/politics/climate-report-fact-check.html,The Baseless Claim That Climate Scientists Are ‘Driven’ by Money (Published 2018),This lacks evidence.,en,The New York Times,nytimes.com,2018-11-28T01:16:47Z,Climate scientists are 'driven by money.',Rick Santorum,2018-11-25T00:00:00Z,Republican
15263,https://www.nytimes.com/2018/11/27/us/politics/climate-report-fact-check.html,The Baseless Claim That Climate Scientists Are ‘Driven’ by Money (Published 2018),FALSE,en,The New York Times,nytimes.com,2018-11-28T01:16:47Z,The climat report 'is based on the most extreme model scenario.',Sarah Huckabee Sanders,2018-11-27T00:00:00Z,Republican
15207,https://www.nytimes.com/2019/02/27/us/politics/fact-checking-cohen-testimony.html,Questionable Assertions From Both Parties in the Cohen Hearing (Published 2019),This is misleading.,en,The New York Times,nytimes.com,2019-02-27T00:00:00Z,Michael Cohen 'might be the first time someone convicted of lying to Congress has appeared again so quickly in front of Congress.',Jim Jordan,2019-02-27T00:00:00Z,Republican
15513,https://www.nytimes.com/2019/02/27/us/politics/fact-checking-cohen-testimony.html,Questionable Assertions From Both Parties in the Cohen Hearing (Published 2019),FALSE,en,The New York Times,nytimes.com,2019-02-27T00:00:00Z,The Steele dossier 'started' the Russian election interference investigation into Trump.,Jim Jordan,2019-02-27T00:00:00Z,Republican
15346,https://www.nytimes.com/2019/05/18/us/politics/fact-check-joe-biden-campaign.html,Fact-Checking Joe Biden on the Campaign Trail (Published 2019),This is exaggerated.,en,The New York Times,nytimes.com,2019-05-18T00:00:00Z,I have the most progressive record of anybody running for the — anybody who would run.',Joe Biden,2019-03-16T00:00:00Z,Democratic
15313,https://www.nytimes.com/2019/05/18/us/politics/fact-check-joe-biden-campaign.html,Fact-Checking Joe Biden on the Campaign Trail (Published 2019),False.,en,The New York Times,nytimes.com,2019-05-18T00:00:00Z,The Trump tax cut all 'went to the folks at the top and corporations.',Joe Biden,2019-04-29T00:00:00Z,Democratic
15454,https://www.nytimes.com/2019/05/18/us/politics/fact-check-joe-biden-campaign.html,Fact-Checking Joe Biden on the Campaign Trail (Published 2019),False.,en,The New York Times,nytimes.com,2019-05-18T00:00:00Z,General Motors 'got $192 million in tax breaks' and 'did nothing' for laid off workers.,Joe Biden,2019-04-29T00:00:00Z,Democratic
15130,https://www.nytimes.com/2019/05/18/us/politics/fact-check-joe-biden-campaign.html,Fact-Checking Joe Biden on the Campaign Trail (Published 2019),True.,en,The New York Times,nytimes.com,2019-05-18T00:00:00Z,I said back in 1987' that climate change is an existential threat.,Joe Biden,2019-05-13T00:00:00Z,Democratic
3515,https://www.nytimes.com/2019/05/18/us/politics/fact-check-joe-biden-campaign.html,Fact-Checking Joe Biden on the Campaign Trail (Published 2019),This is exaggerated.,en,The New York Times,nytimes.com,2019-05-18T00:00:00Z,The 1994 crime bill 'did not generate mass incarceration.',Joe Biden,2019-05-14T00:00:00Z,Democratic
15467,https://www.nytimes.com/2019/05/25/us/politics/fact-checking-bernie-sanders-campaign.html,Fact-Checking Bernie Sanders on the Campaign Trail (Published 2019),This is misleading.,en,The New York Times,nytimes.com,2019-05-25T00:00:00Z,I named climate change as a major national security crisis in 2016 and 'the moderator actually laughed.',Bernie Sanders,2019-05-17T00:00:00Z,Democratic
15400,https://www.nytimes.com/2019/05/25/us/politics/fact-checking-bernie-sanders-campaign.html,Fact-Checking Bernie Sanders on the Campaign Trail (Published 2019),This is exaggerated.,en,The New York Times,nytimes.com,2019-05-25T00:00:00Z,Trump's budget calls for 'a $1.5 trillion cut in Medicaid over a 10-year period; $800 billion cut in Medicare; and billions in Social Security.',Bernie Sanders,2019-05-19T00:00:00Z,Democratic
15126,https://www.nytimes.com/2019/06/01/us/politics/fact-check-elizabeth-warren-campaign.html,Fact-Checking Elizabeth Warren on the Campaign Trail (Published 2019),Maybe.,en,The New York Times,nytimes.com,2019-05-31T00:00:00Z,My 2-cent wealth tax can pay for universal child care; free college tuition and reduce loan debt for 95 of students.,Elizabeth Warren,2019-04-21T00:00:00Z,Democratic
15526,https://www.nytimes.com/2019/06/01/us/politics/fact-check-elizabeth-warren-campaign.html,Fact-Checking Elizabeth Warren on the Campaign Trail (Published 2019),This is exaggerated.,en,The New York Times,nytimes.com,2019-05-31T00:00:00Z,I supported Massachusetts changing its laws on marijuana.',Elizabeth Warren,2019-04-21T00:00:00Z,Democratic
15340,https://www.nytimes.com/2019/06/08/us/politics/fact-check-kamala-harris.html,Fact-Checking Kamala Harris on the Campaign Trail (Published 2019),False.,en,The New York Times,nytimes.com,2019-06-07T00:00:00Z,Trump raided military pensions to build the border wall.,Kamala Harris,2019-03-07T00:00:00Z,Democratic
15042,https://www.nytimes.com/2019/06/08/us/politics/fact-check-kamala-harris.html,Fact-Checking Kamala Harris on the Campaign Trail (Published 2019),This is exaggerated.,en,The New York Times,nytimes.com,2019-06-07T00:00:00Z,One in nine people who have been prosecuted under the death penalty led to an exoneration.',Kamala Harris,2019-03-13T00:00:00Z,Democratic
15180,https://www.nytimes.com/2019/06/08/us/politics/fact-check-kamala-harris.html,Fact-Checking Kamala Harris on the Campaign Trail (Published 2019),This is misleading.,en,The New York Times,nytimes.com,2019-06-07T00:00:00Z,The Trump administration 'took fugitives off the list' of people prohibited from purchasing guns.,Kamala Harris,2019-04-21T00:00:00Z,Democratic
15155,https://www.nytimes.com/2019/06/08/us/politics/fact-check-kamala-harris.html,Fact-Checking Kamala Harris on the Campaign Trail (Published 2019),This is misleading.,en,The New York Times,nytimes.com,2019-06-07T00:00:00Z,Prosecuting parents of truant students 'was an unintended consequence' of a truancy bill.,Kamala Harris,2019-05-11T00:00:00Z,Democratic
15422,https://www.nytimes.com/2019/06/21/us/politics/joe-biden-james-eastland.html,Biden Opposed Busing Despite Other Civil Rights Advocacy (Published 2019),Contradicts Past Remarks,en,The New York Times,nytimes.com,2019-06-21T00:00:00Z,Ted Kennedy 'got me on the Judiciary Committee.',Joe Biden,2019-06-19T00:00:00Z,Democratic
15223,https://www.nytimes.com/2019/06/26/us/politics/factcheck-democratic-debate.html,Fact-Checking Night 1 of the 2020 Democratic Debates,This is exaggerated.,en,The New York Times,nytimes.com,2019-06-25T00:00:00Z,Purdue Pharma has 'been able to act with complete impunity and pay no consequences.',Beto O'Rourke,2019-06-25T00:00:00Z,Democratic
15434,https://www.nytimes.com/2019/06/26/us/politics/factcheck-democratic-debate.html,Fact-Checking Night 1 of the 2020 Democratic Debates,This is exaggerated.,en,The New York Times,nytimes.com,2019-06-25T00:00:00Z,Halliburton and Amazon 'pay nothing in taxes.',Cory Booker,2019-06-25T00:00:00Z,Democratic
15416,https://www.nytimes.com/2019/06/26/us/politics/factcheck-democratic-debate.html,Fact-Checking Night 1 of the 2020 Democratic Debates,This is exaggerated.,en,The New York Times,nytimes.com,2019-06-25T00:00:00Z,The bottom 60 percent haven’t seen a raise since 1980.',Tim Ryan,2019-06-26T00:00:00Z,Democratic
15292,https://www.nytimes.com/2019/06/27/us/politics/factcheck-democratic-debate.html,New York Times: Fact-Checking Night 2 of the 2020 Democratic Debates,False.,en,The New York Times,nytimes.com,2019-06-26T00:00:00Z,Forty years of no economic growth for 90 percent of the American people.',Michael Bennet,2019-06-26T00:00:00Z,Democratic
14128,https://www.nytimes.com/2019/06/27/us/politics/factcheck-democratic-debate.html,New York Times: Fact-Checking Night 2 of the 2020 Democratic Debates,This is misleading.,en,The New York Times,nytimes.com,2019-06-26T00:00:00Z,I got Mitch McConnell to raise taxes $600 billion by raising the top rate.',Joe Biden,2019-06-27T00:00:00Z,Democratic
14344,https://www.nytimes.com/2019/06/27/us/politics/factcheck-democratic-debate.html,New York Times: Fact-Checking Night 2 of the 2020 Democratic Debates,False.,en,The New York Times,nytimes.com,2019-06-26T00:00:00Z,I did not oppose busing in America.',Joe Biden,2019-06-27T00:00:00Z,Democratic
15293,https://www.nytimes.com/2019/07/12/us/politics/census-citizenship-obama.html,Claims That Obama ‘Yanked’ Citizenship Question From Census Are False (Published 2019),False.,en,The New York Times,nytimes.com,2019-07-11T00:00:00Z,The citizenship question 'was asked for 50 years before the Obama administration yanked it out of there.',Kellyanne Conway,2019-07-08T00:00:00Z,Republican
15090,https://www.nytimes.com/2019/07/30/us/politics/fact-check-democratic-debate.html,Democratic Debate Night 1: Fact Checks and Explanation of Key Exchanges (Published 2019),This is exaggerated.,en,The New York Times,nytimes.com,2019-07-29T00:00:00Z,Not one of those 40 Democrats' who flipped Republican seats in 2018 supports Medicare for All.,John Hickenlooper,2019-07-29T00:00:00Z,Democratic
15534,https://www.nytimes.com/2019/07/30/us/politics/fact-check-democratic-debate.html,Democratic Debate Night 1: Fact Checks and Explanation of Key Exchanges (Published 2019),Not exactly.,en,The New York Times,nytimes.com,2019-07-29T00:00:00Z,We have 12 years before we reach the horizon of catastrophe when it comes to our climate.',Pete Buttigieg,2019-07-29T00:00:00Z,Democratic
15539,https://www.nytimes.com/2019/07/30/us/politics/fact-check-democratic-debate.html,Democratic Debate Night 1: Fact Checks and Explanation of Key Exchanges (Published 2019),This is exaggerated.,en,The New York Times,nytimes.com,2019-07-29T00:00:00Z,Detroit 'was nearly destroyed because of awful trade policy.',Bernie Sanders,2019-07-29T00:00:00Z,Democratic
15121,https://www.nytimes.com/2019/08/08/business/media/tucker-carlson-white-supremacy.html,Tucker Carlson of Fox Falsely Calls White Supremacy a ‘Hoax’ (Published 2019),It could.,en,The New York Times,nytimes.com,2019-08-07T00:00:00Z,The combined membership of every white supremacist organization in this country would be able to fit inside a college football stadium.',Tucker Carlson,2019-08-06T00:00:00Z,Republican
15395,https://www.nytimes.com/2019/09/12/us/politics/fact-check-democratic-debate-september.html,Fact-Checking the Democratic Debate,This is misleading,en,The New York Times,nytimes.com,2019-09-12T00:00:00Z,The Obama-Biden administration 'didn’t lock people up in cages. We didn’t separate families.',Joe Biden,2019-09-12T00:00:00Z,Democratic
15478,https://www.nytimes.com/2019/09/12/us/politics/fact-check-democratic-debate-september.html,Fact-Checking the Democratic Debate,This is exaggerated.,en,The New York Times,nytimes.com,2019-09-12T00:00:00Z,500;000 Americans are going bankrupt. You know why they’re going bankrupt? Because they suffered a terrible disease; cancer or heart disease.',Bernie Sanders,2019-09-12T00:00:00Z,Democratic
15194,https://www.nytimes.com/2019/10/12/us/politics/fact-check-impeachment.html,Fact-Checking 5 Claims About the Impeachment Inquiry,False.,en,The New York Times,nytimes.com,2019-10-12T00:00:00Z,In the 240-plus years of our history; those rare times where we have had impeachment process; it’s always gone through the House Judiciary Committee.',John Ratcliffe,2019-10-06T00:00:00Z,Republican
15079,https://www.nytimes.com/2019/10/12/us/politics/fact-check-impeachment.html,Fact-Checking 5 Claims About the Impeachment Inquiry,This is misleading.,en,The New York Times,nytimes.com,2019-10-12T00:00:00Z,The House of Representatives has never attempted to launch an impeachment inquiry against the President without a majority of the House taking political accountability for that decision by voting to authorize such a dramatic constitutional step.',Pat A. Cipollone,2019-10-08T00:00:00Z,Republican
2888,https://www.nytimes.com/2019/10/15/us/politics/fact-check-october-debate.html,Fact-Checking the Democratic Debate,This is misleading.,en,The New York Times,nytimes.com,2019-10-15T00:00:00Z,Ohio; Michigan; and Pennsylvania actually in the latest jobs data have lost jobs; not gained them.',Julian Castro,2019-10-15T00:00:00Z,Democratic
15143,https://www.nytimes.com/2019/10/15/us/politics/fact-check-october-debate.html,Fact-Checking the Democratic Debate,FALSE,en,The New York Times,nytimes.com,2019-10-15T00:00:00Z,American troops in Syria 'are in retreat now being fired on Assad's people.',Joe Biden,2019-10-15T00:00:00Z,Democratic
15427,https://www.nytimes.com/2019/10/15/us/politics/fact-check-october-debate.html,Fact-Checking the Democratic Debate,Not the only one,en,The New York Times,nytimes.com,2019-10-15T00:00:00Z,I’m the only one on this stage that has gotten anything really big done.',Joe Biden,2019-10-15T00:00:00Z,Democratic
15450,https://www.nytimes.com/2019/11/09/us/politics/medicare-for-all-fact-check.html,Examining Conflicting Claims About 'Medicare for All',Unproven,en,The New York Times,nytimes.com,2019-11-09T00:00:00Z,Most of the hospitals in this country would close' under Medicare for all.,John Delaney,2019-10-07T00:00:00Z,Democratic
15348,https://www.nytimes.com/2019/11/09/us/politics/medicare-for-all-fact-check.html,Examining Conflicting Claims About 'Medicare for All',This is misleading.,en,The New York Times,nytimes.com,2019-11-09T00:00:00Z,If a fireman and a schoolteacher are making 100;000 bucks a year; their taxes are going to go up about 10 grand.',Joe Biden,2019-10-15T00:00:00Z,Democratic
15074,https://www.nytimes.com/2019/11/09/us/politics/medicare-for-all-fact-check.html,Examining Conflicting Claims About 'Medicare for All',True; but...,en,The New York Times,nytimes.com,2019-11-09T00:00:00Z,First of all; if we do nothing in terms of the health care; I think the estimate is; we will be spending as a nation $50 trillion.',Bernie Sanders,2019-10-21T00:00:00Z,Democratic
15394,https://www.nytimes.com/2019/11/09/us/politics/medicare-for-all-fact-check.html,Examining Conflicting Claims About 'Medicare for All',Maybe.,en,The New York Times,nytimes.com,2019-11-09T00:00:00Z,The average American will pay less for health care under Medicare for all.',Bernie Sanders,2019-10-21T00:00:00Z,Democratic
15140,https://www.nytimes.com/2019/11/09/us/politics/medicare-for-all-fact-check.html,Examining Conflicting Claims About 'Medicare for All',Estimates vary.,en,The New York Times,nytimes.com,2019-11-09T00:00:00Z,Nobody thinks Medicare for all costs '$20 trillion. It’s between $30 trillion and $40 trillion; every major independent study that’s gone out there that’s taken a look at this',Joe Biden,2019-11-01T00:00:00Z,Democratic
15546,https://www.nytimes.com/2019/11/12/us/politics/impeachment-trump-factcheck.html,Assessing the Impeachment Defenses Offered by Trump and His Allies (Published 2019),This is misleading.,en,The New York Times,nytimes.com,2019-11-12T00:00:00Z,The Ukrainian leader did nothing different to actually get the aid.',Don Bacon,2019-10-25T00:00:00Z,Republican
15459,https://www.nytimes.com/2019/11/12/us/politics/impeachment-trump-factcheck.html,Assessing the Impeachment Defenses Offered by Trump and His Allies (Published 2019),This is misleading,en,The New York Times,nytimes.com,2019-11-12T00:00:00Z,William Taylor's testimony about Ukraine 'pointed to Mr. Giuliani; he didn’t point to the president.',Doug Collins,2019-11-06T00:00:00Z,Republican
15547,https://www.nytimes.com/2019/11/12/us/politics/impeachment-trump-factcheck.html,Assessing the Impeachment Defenses Offered by Trump and His Allies (Published 2019),False.,en,The New York Times,nytimes.com,2019-11-12T00:00:00Z,Joe Biden did the same thing as Donald Trump by ' trying to manipulate Ukraine to get some kind of investigation.',Rand Paul,2019-11-10T00:00:00Z,Republican
6483,https://www.nytimes.com/2019/11/20/us/politics/fact-check-november-debate.html,Fact-Checking the November Democratic Debate,This is misleading.,en,The New York Times,nytimes.com,2019-11-20T00:00:00Z,The president had to confess in writing; in court; to illegally diverting charitable contributions that were supposed to go to veterans.',Pete Buttigieg,2019-11-20T00:00:00Z,Democratic
15120,https://www.nytimes.com/2019/11/20/us/politics/fact-check-november-debate.html,Fact-Checking the November Democratic Debate,Mostly true,en,The New York Times,nytimes.com,2019-11-20T00:00:00Z,There are only two countries in the world that don’t have paid family leave for new moms. The United States of America and Papua New Guinea. ',Andrew Yang,2019-11-20T00:00:00Z,Democratic
15193,https://www.nytimes.com/2019/11/20/us/politics/fact-check-november-debate.html,Fact-Checking the November Democratic Debate,This is misleading.,en,The New York Times,nytimes.com,2019-11-20T00:00:00Z,Pete Buttigieg said 'would be willing to send our troops to Mexico to fight the cartels.',Tulsi Gabbard,2019-11-20T00:00:00Z,Democratic
15229,https://www.nytimes.com/2019/11/20/us/politics/fact-check-november-debate.html,Fact-Checking the November Democratic Debate,This is exaggerated.,en,The New York Times,nytimes.com,2019-11-20T00:00:00Z,The fact is that right now the vast majority of Democrats do not support ‘Medicare for all.’' It couldn’t pass the House or Senate.,Joe Biden,2019-11-20T00:00:00Z,Democratic
15254,https://www.nytimes.com/2019/11/20/us/politics/fact-check-november-debate.html,Fact-Checking the November Democratic Debate,This is exaggerated.,en,The New York Times,nytimes.com,2019-11-20T00:00:00Z,Over 90 percent of the people support funding for Planned Parenthood and making sure that women can get the health care they need.',Amy Klobuchar,2019-11-20T00:00:00Z,Democratic
15483,https://www.nytimes.com/2019/11/20/us/politics/fact-check-november-debate.html,Fact-Checking the November Democratic Debate,Maybe.,en,The New York Times,nytimes.com,2019-11-20T00:00:00Z,A 2 percent wealth tax would for pay free child care and college tuition and cancel student loan debt.,Elizabeth Warren,2019-11-20T00:00:00Z,Democratic
15096,https://www.nytimes.com/2020/01/14/us/politics/fact-check-january-debate.html,Fact-Checking the January Democratic Debate,True.,en,The New York Times,nytimes.com,2020-01-14T00:00:00Z,Every major environmental organization has said ‘no’ to this new trade agreement because it does not even have the phrase ‘climate change’ in it.',Bernie Sanders,2020-01-14T00:00:00Z,Democratic
15156,https://www.nytimes.com/2020/01/14/us/politics/fact-check-january-debate.html,Fact-Checking the January Democratic Debate,This is exaggerated.,en,The New York Times,nytimes.com,2020-01-14T00:00:00Z,Medicare for all will end the absurdity of the United States paying by far the highest prices in the world for prescription drugs and health care in general.,Bernie Sanders,2020-01-14T00:00:00Z,Democratic
15160,https://www.nytimes.com/2020/01/14/us/politics/fact-check-january-debate.html,Fact-Checking the January Democratic Debate,He said this in 2005.,en,The New York Times,nytimes.com,2020-01-14T00:00:00Z,I said 13 years ago it was a mistake to give the president the authority to go to war.',Joe Biden,2020-01-14T00:00:00Z,Democratic
15213,https://www.nytimes.com/2020/01/14/us/politics/fact-check-january-debate.html,Fact-Checking the January Democratic Debate,This is exaggerated.,en,The New York Times,nytimes.com,2020-01-14T00:00:00Z,Medicare for all 'will cost substantially less than the status quo.',Bernie Sanders,2020-01-14T00:00:00Z,Democratic
15387,https://www.nytimes.com/2020/01/14/us/politics/fact-check-january-debate.html,Fact-Checking the January Democratic Debate,True.,en,The New York Times,nytimes.com,2020-01-14T00:00:00Z,The Trump administration 'certified' that Iran was complying with the nuclear deal.,Pete Buttigieg,2020-01-14T00:00:00Z,Democratic
15480,https://www.nytimes.com/2020/01/26/us/politics/biden-factcheck.html,Fact-Checking Joe Biden Before the Iowa Caucuses (Published 2020),This is misleading.,en,The New York Times,nytimes.com,2020-01-26T00:00:00Z,President Trump 'weakened these sanctions we have against' North Korea.,Joe Biden,2020-01-14T00:00:00Z,Democratic
15071,https://www.nytimes.com/2020/01/26/us/politics/biden-factcheck.html,Fact-Checking Joe Biden Before the Iowa Caucuses (Published 2020),This is exaggerated.,en,The New York Times,nytimes.com,2020-01-26T00:00:00Z,Bernie Sanders 's not leading me with black voters under the age — look; just all I know is; I am leading everybody; combined; with black voters.',Joe Biden,2020-01-20T00:00:00Z,Democratic
15399,https://www.nytimes.com/2020/01/26/us/politics/biden-factcheck.html,Fact-Checking Joe Biden Before the Iowa Caucuses (Published 2020),This is exaggerated.,en,The New York Times,nytimes.com,2020-01-26T00:00:00Z,I was involved in the civil rights movement.,Joe Biden,2020-01-20T00:00:00Z,Democratic
15410,https://www.nytimes.com/2020/01/26/us/politics/biden-factcheck.html,Fact-Checking Joe Biden Before the Iowa Caucuses (Published 2020),False.,en,The New York Times,nytimes.com,2020-01-26T00:00:00Z,No; I didn't propose a freeze' to cost-of-living adjustments to Social Security benefits.,Joe Biden,2020-01-20T00:00:00Z,Democratic
15409,https://www.nytimes.com/2020/02/01/us/politics/bernie-sanders-fact-check.html,Fact-Checking Bernie Sanders Before the Iowa Caucuses (Published 2020),This is exaggerated.,en,The New York Times,nytimes.com,2020-02-01T00:00:00Z,You’re looking at somebody who has voted against all of Trump’s budgets; military budgets; and voted against them previously as well. Thinks it’s not a great idea we’re spending more than the next ten nations combined. You’re looking at somebody who in one of his very first votes — I was elected to Congress in 1990; went to the House and I voted against the first gulf war.',Bernie Sanders,2019-12-30T00:00:00Z,Democratic
15379,https://www.nytimes.com/2020/02/01/us/politics/bernie-sanders-fact-check.html,Fact-Checking Bernie Sanders Before the Iowa Caucuses (Published 2020),This is exaggerated.,en,The New York Times,nytimes.com,2020-02-01T00:00:00Z,The vast majority of people in the Democratic primaries absolutely support a Medicare for all; single-payer system.',Bernie Sanders,2020-01-07T00:00:00Z,Democratic
15408,https://www.nytimes.com/2020/02/01/us/politics/bernie-sanders-fact-check.html,Fact-Checking Bernie Sanders Before the Iowa Caucuses (Published 2020),This is exaggerated.,en,The New York Times,nytimes.com,2020-02-01T00:00:00Z,I don't accept that' I have one of the worst records in terms of bipartisan deal-making in the legislature right now.,Bernie Sanders,2020-01-13T00:00:00Z,Democratic
15102,https://www.nytimes.com/2020/02/01/us/politics/bernie-sanders-fact-check.html,Fact-Checking Bernie Sanders Before the Iowa Caucuses (Published 2020),This is disputed.,en,The New York Times,nytimes.com,2020-02-01T00:00:00Z,Health care spending under the current system 'will be a lot more expensive than a Medicare for all single-payer system.',Bernie Sanders,2020-01-24T00:00:00Z,Democratic
15533,https://www.nytimes.com/2020/02/11/us/politics/bloomberg-stop-and-frisk-fact-check.html,Responding to Critics; Bloomberg Omits Role in Expanding Stop-and-Frisk (Published 2020),This is misleading.,en,The New York Times,nytimes.com,2020-02-11T00:00:00Z,I 'inherited the police practice of stop-and-frisk' and 'by the time I left office; I cut it back by 95 percent.',Michael Bloomberg,2020-02-11T00:00:00Z,Democratic
15157,https://www.nytimes.com/2020/06/26/us/politics/coronavirus-pence-fact-check.html,Fact Checking Mike Pence on the Coronavirus Pandemic,False.,en,The New York Times,nytimes.com,2020-06-26T00:00:00Z,We flattened the curve.',Mike Pence,2020-06-19T00:00:00Z,Republican
15154,https://www.nytimes.com/2020/06/26/us/politics/coronavirus-pence-fact-check.html,Fact Checking Mike Pence on the Coronavirus Pandemic,FALSE,en,The New York Times,nytimes.com,2020-06-26T00:00:00Z,As we stand here today; all 50 states and territories across this country are opening up safely and responsibly.',Mike Pence,2020-06-26T00:00:00Z,Republican
15224,https://www.nytimes.com/2020/06/26/us/politics/coronavirus-pence-fact-check.html,Fact Checking Mike Pence on the Coronavirus Pandemic,FALSE,en,The New York Times,nytimes.com,2020-06-26T00:00:00Z,I’s almost inarguable that more testing is generating more cases. To one extent or another; the volume of new cases coming in is a reflection of a great success in expanding testing across the country.',Mike Pence,2020-06-26T00:00:00Z,Republican
15105,https://www.nytimes.com/2020/07/11/us/politics/fact-checking-biden-on-the-coronavirus-and-his-own-record.html,Fact-Checking Biden on the Coronavirus and His Own Record,False.,en,The New York Times,nytimes.com,2020-07-11T00:00:00Z,The N.A.A.C.P. has endorsed me every time I’ve run. I mean; come on; take a look at the record.',Joe Biden,2020-05-22T00:00:00Z,Democratic
15486,https://www.nytimes.com/2020/07/11/us/politics/fact-checking-biden-on-the-coronavirus-and-his-own-record.html,Fact-Checking Biden on the Coronavirus and His Own Record,This is exaggerated.,en,The New York Times,nytimes.com,2020-07-11T00:00:00Z,I’ve been against Keystone from the beginning.',Joe Biden,2020-05-22T00:00:00Z,Democratic
15558,https://www.nytimes.com/2020/07/11/us/politics/fact-checking-biden-on-the-coronavirus-and-his-own-record.html,Fact-Checking Biden on the Coronavirus and His Own Record,This is misleading.,en,The New York Times,nytimes.com,2020-07-11T00:00:00Z,There’s a study out of Columbia University and a disease control center up there. They pointed out that if he had listened to me and others and acted just one week earlier to deal with this virus; there’d be 36;000 fewer people dead.',Joe Biden,2020-05-22T00:00:00Z,Democratic
15518,https://www.nytimes.com/2020/07/11/us/politics/fact-checking-biden-on-the-coronavirus-and-his-own-record.html,Fact-Checking Biden on the Coronavirus and His Own Record,This is misleading.,en,The New York Times,nytimes.com,2020-07-11T00:00:00Z,Forty percent of the money that was supposed to go to small businesses did not go to small businesses. It went to large businesses.',Joe Biden,2020-06-27T00:00:00Z,Democratic
15095,https://www.nytimes.com/2020/07/11/us/politics/fact-checking-biden-on-the-coronavirus-and-his-own-record.html,Fact-Checking Biden on the Coronavirus and His Own Record,This is exaggerated.,en,The New York Times,nytimes.com,2020-07-11T00:00:00Z,There is no ' uniform plan and guidance from the federal government that state and local leaders can use to inform their reopening plans.',Joe Biden,2020-07-02T00:00:00Z,Democratic
15430,https://www.nytimes.com/2020/11/19/technology/sidney-powell-venezuela.html,How Sidney Powell inaccurately cited Venezuela’s elections as evidence of U.S. fraud.,This lacks evidence.,en,The New York Times,nytimes.com,2020-11-16T00:00:00Z,Smartmatic helped the Venezuelan government rig its elections by switching votes; and did the same thing in the United States.,Sidney Powell,2020-11-16T00:00:00Z,Republican
15163,https://www.nytimes.com/2020/12/10/technology/texas-election-lawsuit-legality.html,Two Reasons the Texas Election Case Is Faulty,FALSE,en,The New York Times,nytimes.com,2020-12-10T00:00:00Z,Joe Biden had 'less than one in a quadrillion' chance of winning Pennsylvania; Michigan; Georgia and Wisconsin.,Ken Paxton,2020-12-08T00:00:00Z,Republican
15115,https://www.nytimes.com/2020/12/16/technology/the-election-is-over-but-ron-johnson-keeps-promoting-false-claims-of-fraud.html,The election is over; but Ron Johnson keeps promoting false claims of fraud.,This lacks evidence.,en,The New York Times,nytimes.com,2020-12-16T00:00:00Z,There were '130;000 unique instances of voter fraud' in Nevada.,Jesse Binnall,2020-12-16T00:00:00Z,Republican
15354,https://www.nytimes.com/2020/12/16/technology/the-election-is-over-but-ron-johnson-keeps-promoting-false-claims-of-fraud.html,The election is over; but Ron Johnson keeps promoting false claims of fraud.,This lacks evidence.,en,The New York Times,nytimes.com,2020-12-16T00:00:00Z,Effective bipartisan observation of the complete election process' was denied.,Ron Johnson,2020-12-16T00:00:00Z,Republican
15034,https://www.nytimes.com/2021/02/27/us/politics/assessing-claims-in-the-coronavirus-stimulus-debate.html,Assessing Claims in the Coronavirus Stimulus Debate,False.,en,The New York Times,nytimes.com,2021-02-27T00:00:00Z,If the minimum wage was indexed to 'inflation; people would be making 20 bucks an hour right now.',Joe Biden,2021-02-16T00:00:00Z,Democratic
15038,https://www.nytimes.com/2021/02/27/us/politics/assessing-claims-in-the-coronavirus-stimulus-debate.html,Assessing Claims in the Coronavirus Stimulus Debate,This is exaggerated.,en,The New York Times,nytimes.com,2021-02-27T00:00:00Z,If we don’t pass the American Rescue Plan; 40 million Americans will lose nutritional assistance through a program we call SNAP; the old food stamp program.',Joe Biden,2021-02-19T00:00:00Z,Democratic
15033,https://www.nytimes.com/2021/02/27/us/politics/assessing-claims-in-the-coronavirus-stimulus-debate.html,Assessing Claims in the Coronavirus Stimulus Debate,This is misleading.,en,The New York Times,nytimes.com,2021-02-27T00:00:00Z,There’s over a trillion dollars of money unspent from previous relief bills that were bipartisan. The money’s still sitting in a bank account.',Steve Scalise,2021-02-21T00:00:00Z,Republican
15035,https://www.nytimes.com/2021/02/27/us/politics/assessing-claims-in-the-coronavirus-stimulus-debate.html,Assessing Claims in the Coronavirus Stimulus Debate,This is misleading.,en,The New York Times,nytimes.com,2021-02-27T00:00:00Z,The $1.9 trillion Covid bill includes 'stimulus grants to illegal immigrant families.',Jim Banks,2021-02-22T00:00:00Z,Republican
15037,https://www.nytimes.com/2021/02/27/us/politics/assessing-claims-in-the-coronavirus-stimulus-debate.html,Assessing Claims in the Coronavirus Stimulus Debate,This is misleading.,en,The New York Times,nytimes.com,2021-02-27T00:00:00Z,95 percent of that school funding 'can’t even be spent until 2022' and 'this bill actually will delay school reopening.',Steve Scalise,2021-02-22T00:00:00Z,Republican
15039,https://www.nytimes.com/2021/02/27/us/politics/assessing-claims-in-the-coronavirus-stimulus-debate.html,Assessing Claims in the Coronavirus Stimulus Debate,This is misleading.,en,The New York Times,nytimes.com,2021-02-27T00:00:00Z,Only 9 percent of the Biden's $1.9 trillion Covid bill goes to Covid.,Kevin McCarthy,2021-02-22T00:00:00Z,Republican
15036,https://www.nytimes.com/2021/02/27/us/politics/assessing-claims-in-the-coronavirus-stimulus-debate.html,Assessing Claims in the Coronavirus Stimulus Debate,This is misleading.,en,The New York Times,nytimes.com,2021-02-27T00:00:00Z,Democrats' 'Covid relief wishlist' includes funding for 'Pelosi's subway' and Planned Parenthood.,Marsha Blackburn,2021-02-24T00:00:00Z,Republican
15151,https://www.nytimes.com/2020/01/06/us/politics/paul-gosar-obama-iran.html,Republican Congressman Shares Fake Image of Obama and Iranian President (Published 2020),False.,en,The New York Times,nytimes.com,NA,A photo of Barack Obama shaking hands with President Hassan Rouhani,Paul Gosar,2020-01-06T00:00:00Z,Republican
